	Ticker symbol	Security	SEC filings	GICS Sector	GICS Sub Industry	Location	Date first added[3][4]	CIK	Founded
0	MMM	3M Company	reports	Industrials	Industrial Conglomerates	St. Paul, Minnesota		66740	1902
1	ABT	Abbott Laboratories	reports	Health Care	Health Care Equipment	North Chicago, Illinois	1964-03-31	1800	1888
2	ABBV	AbbVie Inc.	reports	Health Care	Pharmaceuticals	North Chicago, Illinois	2012-12-31	1551152	2013 (1888)
3	ABMD	ABIOMED Inc	reports	Health Care	Health Care Equipment	Danvers, Massachusetts	2018-05-31	815094	1981
4	ACN	Accenture plc	reports	Information Technology	IT Consulting & Other Services	Dublin, Ireland	2011-07-06	1467373	1989
5	ATVI	Activision Blizzard	reports	Information Technology	Home Entertainment Software	Santa Monica, California	2015-08-31	718877	2008
6	ADBE	Adobe Systems Inc	reports	Information Technology	Application Software	San Jose, California	1997-05-05	796343	1982
7	AMD	Advanced Micro Devices Inc	reports	Information Technology	Semiconductors	Sunnyvale, California	2017-03-20	2488	1969
8	AAP	Advance Auto Parts	reports	Consumer Discretionary	Automotive Retail	Roanoke, Virginia	2015-07-09	1158449	1932
9	AES	AES Corp	reports	Utilities	Independent Power Producers & Energy Traders	Arlington, Virginia	1998-10-02	874761	1981
10	AET	Aetna Inc	reports	Health Care	Managed Health Care	Hartford, Connecticut	1976-06-30	1122304	1810
11	AMG	Affiliated Managers Group Inc	reports	Financials	Asset Management & Custody Banks	Beverly, Massachusetts	2014-07-01	1004434	1993
12	AFL	AFLAC Inc	reports	Financials	Life & Health Insurance	Columbus, Georgia	1999-05-28	4977	1955
13	A	Agilent Technologies Inc	reports	Health Care	Health Care Equipment	Santa Clara, California	2000-06-05	1090872	1999
14	APD	Air Products & Chemicals Inc	reports	Materials	Industrial Gases	Allentown, Pennsylvania	1985-04-30	2969	1940
15	AKAM	Akamai Technologies Inc	reports	Information Technology	Internet Software & Services	Cambridge, Massachusetts	2007-07-12	1086222	1998
16	ALK	Alaska Air Group Inc	reports	Industrials	Airlines	Seattle, Washington	2016-05-13	766421	1985
17	ALB	Albemarle Corp	reports	Materials	Specialty Chemicals	Baton Rouge, Louisiana	2016-07-01	915913	1994
18	ARE	Alexandria Real Estate Equities Inc	reports	Real Estate	Office REITs	Pasadena, California	2017-03-20	1035443	1994
19	ALXN	Alexion Pharmaceuticals	reports	Health Care	Biotechnology	Cheshire, Connecticut	2012-05-25	899866	1992
20	ALGN	Align Technology	reports	Health Care	Health Care Supplies	San Jose, California	2017-06-19	1097149	1997
21	ALLE	Allegion	reports	Industrials	Building Products	Dublin, Ireland	2013-12-02	1579241	1908
22	AGN	Allergan, Plc	reports	Health Care	Pharmaceuticals	Dublin, Ireland	1999-04-12	1578845	1983
23	ADS	Alliance Data Systems	reports	Information Technology	Data Processing & Outsourced Services	Plano, Texas	2013-12-23	1101215	1996
24	LNT	Alliant Energy Corp	reports	Utilities	Electric Utilities	Madison, Wisconsin	2016-07-01	352541	1917
25	ALL	Allstate Corp	reports	Financials	Property & Casualty Insurance	Northfield Township, Illinois	1995-07-13	899051	1931
26	GOOGL	Alphabet Inc Class A	reports	Information Technology	Internet Software & Services	Mountain View, California	2014-04-03	1652044	1998
27	GOOG	Alphabet Inc Class C	reports	Information Technology	Internet Software & Services	Mountain View, California	2006-04-03	1652044	1998
28	MO	Altria Group Inc	reports	Consumer Staples	Tobacco	Richmond, Virginia		764180	1985
29	AMZN	Amazon.com Inc.	reports	Consumer Discretionary	Internet & Direct Marketing Retail	Seattle, Washington	2005-11-18	1018724	1994
30	AEE	Ameren Corp	reports	Utilities	Multi-Utilities	St. Louis, Missouri	1991-09-19	1002910	1902
31	AAL	American Airlines Group	reports	Industrials	Airlines	Fort Worth, Texas	2015-03-23	6201	1934
32	AEP	American Electric Power	reports	Utilities	Electric Utilities	Columbus, Ohio		4904	1906
33	AXP	American Express Co	reports	Financials	Consumer Finance	New York, New York	1976-06-30	4962	1850
34	AIG	American International Group, Inc.	reports	Financials	Property & Casualty Insurance	New York, New York	1980-03-31	5272	1919
35	AMT	American Tower Corp A	reports	Real Estate	Specialized REITs	Boston, Massachusetts	2007-11-19	1053507	
36	AWK	American Water Works Company Inc	reports	Utilities	Water Utilities	Voorhees, New Jersey	2016-03-04	1410636	1886
37	AMP	Ameriprise Financial	reports	Financials	Asset Management & Custody Banks	Minneapolis, Minnesota	2005-10-03	820027	1894
38	ABC	AmerisourceBergen Corp	reports	Health Care	Health Care Distributors	Chesterbrook, Pennsylvania	2001-08-30	1140859	1985
39	AME	AMETEK Inc.	reports	Industrials	Electrical Components & Equipment	Berwyn, Pennsylvania	2013-09-23	1037868	1930
40	AMGN	Amgen Inc.	reports	Health Care	Biotechnology	Thousand Oaks, California	1992-01-02	318154	1980
41	APH	Amphenol Corp	reports	Information Technology	Electronic Components	Wallingford, Connecticut	2008-09-30	820313	1932
42	APC	Anadarko Petroleum Corp	reports	Energy	Oil & Gas Exploration & Production	The Woodlands, Texas	1997-07-28	773910	
43	ADI	Analog Devices, Inc.	reports	Information Technology	Semiconductors	Norwood, Massachusetts	1999-10-12	6281	
44	ANDV	Andeavor	reports	Energy	Oil & Gas Refining & Marketing	San Antonio, Texas	2007-09-27	50104	
45	ANSS	ANSYS	reports	Information Technology	Application Software	Canonsburg, Pennsylvania	2017-06-19	1013462	
46	ANTM	Anthem Inc.	reports	Health Care	Managed Health Care	Indianapolis, Indiana	2002-07-25	1156039	
47	AON	Aon plc	reports	Financials	Insurance Brokers	London, United Kingdom	1996-04-23	315293	
48	AOS	A.O. Smith Corp	reports	Industrials	Building Products	Milwaukee, Wisconsin	2017-07-26	91142	
49	APA	Apache Corporation	reports	Energy	Oil & Gas Exploration & Production	Houston, Texas	1997-07-28	6769	
50	AIV	Apartment Investment & Management	reports	Real Estate	Residential REITs	Denver, Colorado	2003-03-14	922864	
51	AAPL	Apple Inc.	reports	Information Technology	Technology Hardware, Storage & Peripherals	Cupertino, California	1982-11-30	320193	
52	AMAT	Applied Materials Inc.	reports	Information Technology	Semiconductor Equipment	Santa Clara, California	1995-03-16	6951	
53	APTV	Aptiv Plc	reports	Consumer Discretionary	Auto Parts & Equipment	Gillingham, Kent, United Kingdom	2012-12-24	1521332	
54	ADM	Archer-Daniels-Midland Co	reports	Consumer Staples	Agricultural Products	Decatur, Illinois	1981-07-29	7084	
55	ARNC	Arconic Inc.	reports	Industrials	Aerospace & Defense	New York, New York	1964-03-31	4281	2016
56	AJG	Arthur J. Gallagher & Co.	reports	Financials	Insurance Brokers	Itasca, Illinois	2016-05-31	354190	
57	AIZ	Assurant Inc.	reports	Financials	Multi-line Insurance	New York, New York	2007-04-10	1267238	
58	T	AT&T Inc.	reports	Telecommunication Services	Integrated Telecommunication Services	Dallas, Texas	1983-11-30	732717	
59	ADSK	Autodesk Inc.	reports	Information Technology	Application Software	San Rafael, California	1989-12-01	769397	
60	ADP	Automatic Data Processing	reports	Information Technology	Internet Software & Services	Roseland, New Jersey	1981-03-31	8670	
61	AZO	AutoZone Inc	reports	Consumer Discretionary	Specialty Stores	Memphis, Tennessee	1997-01-02	866787	
62	AVB	AvalonBay Communities, Inc.	reports	Real Estate	Residential REITs	Arlington, Virginia[5]	2007-01-10	915912	
63	AVY	Avery Dennison Corp	reports	Materials	Paper Packaging	Glendale, California	1987-12-31	8818	
64	BHGE	Baker Hughes, a GE Company	reports	Energy	Oil & Gas Equipment & Services	Houston, Texas		1701605	2017
65	BLL	Ball Corp	reports	Materials	Metal & Glass Containers	Broomfield, Colorado	1984-10-31	9389	
66	BAC	Bank of America Corp	reports	Financials	Diversified Banks	Charlotte, North Carolina	1976-06-30	70858	
67	BK	The Bank of New York Mellon Corp.	reports	Financials	Asset Management & Custody Banks	New York, New York	1995-03-31	1390777	
68	BAX	Baxter International Inc.	reports	Health Care	Health Care Equipment	Deerfield, Illinois	1972-09-30	10456	1931
69	BBT	BB&T Corporation	reports	Financials	Regional Banks	Winston-Salem, North Carolina	1997-12-04	92230	
70	BDX	Becton Dickinson	reports	Health Care	Health Care Equipment	Franklin Lakes, New Jersey	1972-09-30	10795	1897
71	BRK.B	Berkshire Hathaway	reports	Financials	Multi-Sector Holdings	Omaha, Nebraska	2010-02-16	1067983	
72	BBY	Best Buy Co. Inc.	reports	Consumer Discretionary	Computer & Electronics Retail	Richfield, Minnesota	1999-06-29	764478	
73	BIIB	Biogen Inc.	reports	Health Care	Biotechnology	Weston, Massachusetts	2003-11-13	875045	
74	BLK	BlackRock	reports	Financials	Asset Management & Custody Banks	New York, New York	2011-04-04	1364742	
75	HRB	Block H&R	reports	Financials	Consumer Finance	Kansas City, Missouri	1986-11-30	12659	
76	BA	Boeing Company	reports	Industrials	Aerospace & Defense	Chicago, Illinois		12927	1916
77	BKNG	Booking Holdings Inc	reports	Consumer Discretionary	Internet & Direct Marketing Retail	Norwalk, Connecticut	2009-11-06	1075531	
78	BWA	BorgWarner	reports	Consumer Discretionary	Auto Parts & Equipment	Auburn Hills, Michigan	2011-12-19	908255	
79	BXP	Boston Properties	reports	Real Estate	Office REITs	Boston, Massachusetts	2006-04-03	1037540	
80	BSX	Boston Scientific	reports	Health Care	Health Care Equipment	Marlborough, Massachusetts[6]	1995-02-24	885725	
81	BHF	Brighthouse Financial Inc	reports	Financials	Life & Health Insurance	Charlotte, North Carolina	2017-08-08	1685040	
82	BMY	Bristol-Myers Squibb	reports	Health Care	Health Care Distributors	New York, New York		14272	1989
83	AVGO	Broadcom	reports	Information Technology	Semiconductors	San Jose, California	2014-05-08	1441634	
84	BR	Broadridge Financial Solutions	reports	Information Technology	Data Processing & Outsourced Services	Lake Success, New York	2018-06-18	1383312	1962
85	BF.B	Brown-Forman Corp.	reports	Consumer Staples	Distillers & Vintners	Louisville, Kentucky	1982-10-31	14693	
86	CHRW	C. H. Robinson Worldwide	reports	Industrials	Air Freight & Logistics	Eden Prairie, Minnesota	2007-03-02	1043277	
87	CA	CA, Inc.	reports	Information Technology	Systems Software	Islandia, New York	1987-07-31	356028	
88	COG	Cabot Oil & Gas	reports	Energy	Oil & Gas Exploration & Production	Houston, Texas	2008-06-23	858470	
89	CDNS	Cadence Design Systems	reports	Information Technology	Application Software	San Jose, California	2017-09-18	813672	
90	CPB	Campbell Soup	reports	Consumer Staples	Packaged Foods & Meats	Camden, New Jersey		16732	1869
91	COF	Capital One Financial	reports	Financials	Consumer Finance	Tysons Corner, Virginia	1998-07-01	927628	1935
92	CAH	Cardinal Health Inc.	reports	Health Care	Health Care Distributors	Dublin, Ohio	1997-05-27	721371	
93	KMX	Carmax Inc	reports	Consumer Discretionary	Specialty Stores	Richmond, Virginia	2010-06-28	1170010	
94	CCL	Carnival Corp.	reports	Consumer Discretionary	Hotels, Resorts & Cruise Lines	Miami, Florida	1998-12-22	815097	
95	CAT	Caterpillar Inc.	reports	Industrials	Construction Machinery & Heavy Trucks	Peoria, Illinois		18230	1925
96	CBOE	Cboe Global Markets	reports	Financials	Financial Exchanges & Data	Chicago, Illinois	2017-03-01	1374310	
97	CBRE	CBRE Group	reports	Real Estate	Real Estate Services	Los Angeles, California	2006-11-10	1138118	
98	CBS	CBS Corp.	reports	Consumer Discretionary	Broadcasting	New York, New York	1994-09-01	813828	
99	CELG	Celgene Corp.	reports	Health Care	Biotechnology	Summit, New Jersey	2006-11-06	816284	
100	CNC	Centene Corporation	reports	Health Care	Managed Health Care	St Louis, Missouri	2016-03-30	1071739	
101	CNP	CenterPoint Energy	reports	Utilities	Multi-Utilities	Houston, Texas	1985-07-31	1130310	
102	CTL	CenturyLink Inc	reports	Telecommunication Services	Integrated Telecommunication Services	Monroe, Louisiana	1999-03-25	18926	
103	CERN	Cerner	reports	Health Care	Health Care Technology	North Kansas City, Missouri	2010-04-30	804753	
104	CF	CF Industries Holdings Inc	reports	Materials	Fertilizers & Agricultural Chemicals	Deerfield, Illinois	2008-08-27	1324404	
105	SCHW	Charles Schwab Corporation	reports	Financials	Investment Banking & Brokerage	San Francisco, California	1997-06-02	316709	
106	CHTR	Charter Communications	reports	Consumer Discretionary	Cable & Satellite	Stamford, Connecticut	2016-09-08	1091667	
107	CVX	Chevron Corp.	reports	Energy	Integrated Oil & Gas	San Ramon, California		93410	1879
108	CMG	Chipotle Mexican Grill	reports	Consumer Discretionary	Restaurants	Denver, Colorado	2011-04-28	1058090	
109	CB	Chubb Limited	reports	Financials	Property & Casualty Insurance	Zurich, Switzerland	2010-07-15	896159	
110	CHD	Church & Dwight	reports	Consumer Staples	Household Products	Ewing, New Jersey	2015-12-29	313927	
111	CI	CIGNA Corp.	reports	Health Care	Managed Health Care	Bloomfield, Connecticut	1976-06-30	701221	
112	XEC	Cimarex Energy	reports	Energy	Oil & Gas Exploration & Production	Denver, Colorado	2014-06-21	1168054	
113	CINF	Cincinnati Financial	reports	Financials	Property & Casualty Insurance	Fairfield, Ohio	1997-12-18	20286	
114	CTAS	Cintas Corporation	reports	Industrials	Diversified Support Services	Mason, Ohio	2001-03-01	723254	
115	CSCO	Cisco Systems	reports	Information Technology	Communications Equipment	San Jose, California	1993-12-01	858877	
116	C	Citigroup Inc.	reports	Financials	Diversified Banks	New York, New York	1988-05-31	831001	
117	CFG	Citizens Financial Group	reports	Financials	Regional Banks	Providence, Rhode Island	2016-01-29	759944	
118	CTXS	Citrix Systems	reports	Information Technology	Internet Software & Services	Fort Lauderdale, Florida	1999-12-01	877890	
119	CLX	The Clorox Company	reports	Consumer Staples	Household Products	Oakland, California	1969-03-31	21076	1913
120	CME	CME Group Inc.	reports	Financials	Financial Exchanges & Data	Chicago, Illinois	2006-08-11	1156375	
121	CMS	CMS Energy	reports	Utilities	Multi-Utilities	Jackson, Michigan	1999-05-03	811156	
122	KO	Coca-Cola Company (The)	reports	Consumer Staples	Soft Drinks	Atlanta, Georgia		21344	1886
123	CTSH	Cognizant Technology Solutions	reports	Information Technology	IT Consulting & Other Services	Teaneck, New Jersey	2006-11-17	1058290	
124	CL	Colgate-Palmolive	reports	Consumer Staples	Household Products	New York, New York		21665	1806
125	CMCSA	Comcast Corp.	reports	Consumer Discretionary	Cable & Satellite	Philadelphia, Pennsylvania	2015-09-18	1166691	
126	CMA	Comerica Inc.	reports	Financials	Diversified Banks	Dallas, Texas	1995-12-01	28412	
127	CAG	Conagra Brands	reports	Consumer Staples	Packaged Foods & Meats	Chicago, Illinois	1983-08-31	23217	
128	CXO	Concho Resources	reports	Energy	Oil & Gas Exploration & Production	Midland, Texas	2016-02-22	1358071	
129	COP	ConocoPhillips	reports	Energy	Oil & Gas Exploration & Production	Houston, Texas		1163165	2002
130	ED	Consolidated Edison	reports	Utilities	Electric Utilities	New York, New York		1047862	1823
131	STZ	Constellation Brands	reports	Consumer Staples	Distillers & Vintners	Victor, New York	2005-07-05	16918	
132	COO	The Cooper Companies	reports	Health Care	Health Care Supplies	Pleasanton, California	2016-09-23	711404	
133	CPRT	Copart Inc	reports	Industrials	Diversified Support Services	Dallas, Texas	2018-07-02	900075	
134	GLW	Corning Inc.	reports	Information Technology	Electronic Components	Corning, New York		24741	1851
135	COST	Costco Wholesale Corp.	reports	Consumer Staples	Hypermarkets & Super Centers	Issaquah, Washington	1993-10-01	909832	
136	COTY	Coty, Inc	reports	Consumer Staples	Personal Products	New York, New York	2016-10-03	1024305	
137	CCI	Crown Castle International Corp.	reports	Real Estate	Specialized REITs	Houston, Texas	2012-03-14	1051470	
138	CSX	CSX Corp.	reports	Industrials	Railroads	Jacksonville, Florida	1967-09-30	277948	1980
139	CMI	Cummins Inc.	reports	Industrials	Industrial Machinery	Columbus, Indiana	1965-03-31	26172	1919
140	CVS	CVS Health	reports	Consumer Staples	Drug Retail	Woonsocket, Rhode Island		64803	1996
141	DHI	D. R. Horton	reports	Consumer Discretionary	Homebuilding	Fort Worth, Texas		882184	1978
142	DHR	Danaher Corp.	reports	Health Care	Health Care Equipment	Washington, D.C.		313616	1969
143	DRI	Darden Restaurants	reports	Consumer Discretionary	Restaurants	Orlando, Florida		940944	1938
144	DVA	DaVita Inc.	reports	Health Care	Health Care Facilities	Denver, Colorado	2008-07-31	927066	
145	DE	Deere & Co.	reports	Industrials	Agricultural & Farm Machinery	Moline, Illinois		315189	1837
146	DAL	Delta Air Lines Inc.	reports	Industrials	Airlines	Atlanta, Georgia	2013-09-11	27904	
147	XRAY	Dentsply Sirona	reports	Health Care	Health Care Supplies	York, Pennsylvania	2008-11-14	818479	
148	DVN	Devon Energy Corp.	reports	Energy	Oil & Gas Exploration & Production	Oklahoma City, Oklahoma	2000-08-30	1090012	
149	DLR	Digital Realty Trust Inc	reports	Real Estate	Specialized REITs	San Francisco, California	2016-05-18	1297996	
150	DFS	Discover Financial Services	reports	Financials	Consumer Finance	Riverwoods, Illinois	2007-07-02	1393612	
151	DISCA	Discovery Inc. Class A	reports	Consumer Discretionary	Cable & Satellite	Silver Spring, Maryland	2010-03-01	1437107	
152	DISCK	Discovery Inc. Class C	reports	Consumer Discretionary	Cable & Satellite	Silver Spring, Maryland	2014-08-07	1437107	
153	DISH	Dish Network	reports	Consumer Discretionary	Cable & Satellite	Meridian, Colorado	2017-03-13	1001082	
154	DG	Dollar General	reports	Consumer Discretionary	General Merchandise Stores	Goodlettsville, Tennessee	2012-12-03	29534	
155	DLTR	Dollar Tree	reports	Consumer Discretionary	General Merchandise Stores	Chesapeake, Virginia	2011-12-19	935703	
156	D	Dominion Energy	reports	Utilities	Electric Utilities	Richmond, Virginia		715957	1983
157	DOV	Dover Corp.	reports	Industrials	Industrial Machinery	Downers Grove, Illinois	1985-10-31	29905	
158	DWDP	DowDuPont	reports	Materials	Diversified Chemicals	Midland, Michigan		1666700	2017
159	DTE	DTE Energy Co.	reports	Utilities	Multi-Utilities	Detroit, Michigan		936340	1995
160	DRE	Duke Realty Corp	reports	Real Estate	Industrial REITs	Indianapolis, Indiana	2017-07-26	783280	
161	DUK	Duke Energy	reports	Utilities	Electric Utilities	Charlotte, North Carolina	1976-06-30	1326160	
162	DXC	DXC Technology	reports	Information Technology	IT Consulting & Other Services	Tysons Corner, Virginia	2017-04-04	1688568	
163	ETFC	E*Trade	reports	Financials	Investment Banking & Brokerage	New York, New York	2004-03-31	1015780	
164	EMN	Eastman Chemical	reports	Materials	Diversified Chemicals	Kingsport, Tennessee	1994-01-01	915389	
165	ETN	Eaton Corporation	reports	Industrials	Electrical Components & Equipment	Dublin, Ireland		1551182	1911
166	EBAY	eBay Inc.	reports	Information Technology	Internet Software & Services	San Jose, California		1065088	1995
167	ECL	Ecolab Inc.	reports	Materials	Specialty Chemicals	St. Paul, Minnesota	1989-01-31	31462	
168	EIX	Edison Int'l	reports	Utilities	Electric Utilities	Rosemead, California		827052	1886
169	EW	Edwards Lifesciences	reports	Health Care	Health Care Equipment	Irvine, California	2011-04-01	1099800	
170	EA	Electronic Arts	reports	Information Technology	Home Entertainment Software	Redwood City, California	2002-07-22	712515	
171	EMR	Emerson Electric Company	reports	Industrials	Electrical Components & Equipment	Ferguson, Missouri	1965-03-31	32604	1890
172	ETR	Entergy Corp.	reports	Utilities	Electric Utilities	New Orleans, Louisiana		65984	1913
173	EVHC	Envision Healthcare	reports	Health Care	Health Care Services	Nashville, Tennessee	2016-12-02	895930	
174	EOG	EOG Resources	reports	Energy	Oil & Gas Exploration & Production	Houston, Texas	2000-11-02	821189	
175	EQT	EQT Corporation	reports	Energy	Oil & Gas Exploration & Production	Pittsburgh, Pennsylvania	2008-12-19	33213	
176	EFX	Equifax Inc.	reports	Industrials	Research & Consulting Services	Atlanta, Georgia	1997-06-19	33185	
177	EQIX	Equinix	reports	Real Estate	Specialized REITs	Redwood City, California	2015-03-20	1101239	
178	EQR	Equity Residential	reports	Real Estate	Residential REITs	Chicago, Illinois	2001-12-03	906107	
179	ESS	Essex Property Trust, Inc.	reports	Real Estate	Residential REITs	Palo Alto, California	2014-04-02	920522	
180	EL	Estee Lauder Cos.	reports	Consumer Staples	Personal Products	New York, New York	2006-01-05	1001250	
181	EVRG	Evergy	reports	Utilities	Electric Utilities	Kansas City, Missouri	2018-06-05	1711269	1909
182	ES	Eversource Energy	reports	Utilities	Multi-Utilities	Springfield, Massachusetts		72741	1966
183	RE	Everest Re Group Ltd.	reports	Financials	Reinsurance	Hamilton, Bermuda	2017-06-19	1095073	
184	EXC	Exelon Corp.	reports	Utilities	Multi-Utilities	Chicago, Illinois		1109357	2000
185	EXPE	Expedia Inc.	reports	Consumer Discretionary	Internet & Direct Marketing Retail	Bellevue, Washington	2007-10-02	1324424	
186	EXPD	Expeditors International	reports	Industrials	Air Freight & Logistics	Seattle, Washington	2007-10-10	746515	
187	ESRX	Express Scripts	reports	Health Care	Health Care Distributors	Cool Valley, Missouri	2003-09-25	1532063	
188	EXR	Extra Space Storage	reports	Real Estate	Specialized REITs	Salt Lake City, Utah	2016-01-19	1289490	
189	XOM	Exxon Mobil Corp.	reports	Energy	Integrated Oil & Gas	Irving, Texas		34088	1999
190	FFIV	F5 Networks	reports	Information Technology	Communications Equipment	Seattle, Washington	2010-12-20	1048695	1996
191	FB	Facebook, Inc.	reports	Information Technology	Internet Software & Services	Menlo Park, California	2013-12-23	1326801	
192	FAST	Fastenal Co	reports	Industrials	Building Products	Winona, Minnesota	2009-09-15	815556	
193	FRT	Federal Realty Investment Trust	reports	Real Estate	Retail REITs	Rockville, Maryland	2016-02-01	34903	
194	FDX	FedEx Corporation	reports	Industrials	Air Freight & Logistics	Memphis, Tennessee	1980-12-31	1048911	
195	FIS	Fidelity National Information Services	reports	Information Technology	Internet Software & Services	Jacksonville, Florida	2006-11-10	1136893	
196	FITB	Fifth Third Bancorp	reports	Financials	Regional Banks	Cincinnati, Ohio		35527	1858
197	FE	FirstEnergy Corp	reports	Utilities	Electric Utilities	Akron, Ohio		1031296	1997
198	FISV	Fiserv Inc	reports	Information Technology	Internet Software & Services	Brookfield, Wisconsin	2001-04-02	798354	
199	FLT	FleetCor Technologies Inc	reports	Information Technology	Data Processing & Outsources Services	Norcross, Georgia	2018-06-20	1175454	2000
200	FLIR	FLIR Systems	reports	Information Technology	Electronic Equipment & Instruments	Wilsonville, Oregon	2009-01-02	354908	
201	FLS	Flowserve Corporation	reports	Industrials	Industrial Machinery	Irving, Texas	2008-10-02	30625	
202	FLR	Fluor Corp.	reports	Industrials	Construction & Engineering	Irving, Texas	1980-03-31	1124198	
203	FMC	FMC Corporation	reports	Materials	Fertilizers & Agricultural Chemicals	Philadelphia, Pennsylvania	2009-08-19	37785	
204	FL	Foot Locker Inc	reports	Consumer Discretionary	Apparel Retail	New York, New York	2016-04-04	850209	
205	F	Ford Motor	reports	Consumer Discretionary	Automobile Manufacturers	Dearborn, Michigan		37996	1903
206	FTV	Fortive Corp	reports	Industrials	Industrial Machinery	Everett, Washington	2016-07-01	1659166	
207	FBHS	Fortune Brands Home & Security	reports	Industrials	Building Products	Deerfield, Illinois	2016-06-22	1519751	
208	BEN	Franklin Resources	reports	Financials	Asset Management & Custody Banks	San Mateo, California		38777	1947
209	FCX	Freeport-McMoRan Inc.	reports	Materials	Copper	Phoenix, Arizona		831259	1912
210	GPS	Gap Inc.	reports	Consumer Discretionary	Apparel Retail	San Francisco, California	1986-08-31	39911	
211	GRMN	Garmin Ltd.	reports	Consumer Discretionary	Consumer Electronics	Schaffhausen, Switzerland	2012-12-12	1121788	
212	IT	Gartner Inc	reports	Information Technology	IT Consulting & Other Services	Stamford, Connecticut	2017-04-05	749251	
213	GD	General Dynamics	reports	Industrials	Aerospace & Defense	Falls Church, Virginia		40533	1899
214	GE	General Electric	reports	Industrials	Industrial Conglomerates	Boston, Massachusetts		40545	1892
215	GGP	General Growth Properties Inc.	reports	Real Estate	Retail REITs	Chicago, Illinois	2013-12-10	1496048	
216	GIS	General Mills	reports	Consumer Staples	Packaged Foods & Meats	Golden Valley, Minnesota	1969-03-31	40704	1856
217	GM	General Motors	reports	Consumer Discretionary	Automobile Manufacturers	Detroit, Michigan	2013-06-06	1467858	
218	GPC	Genuine Parts	reports	Consumer Discretionary	Specialty Stores	Atlanta, Georgia	1973-12-31	40987	1925
219	GILD	Gilead Sciences	reports	Health Care	Biotechnology	Foster City, California	2004-07-01	882095	
220	GPN	Global Payments Inc.	reports	Information Technology	Data Processing & Outsourced Services	Atlanta, Georgia	2016-04-25	1123360	
221	GS	Goldman Sachs Group	reports	Financials	Investment Banking & Brokerage	New York, New York	2002-07-22	886982	
222	GT	Goodyear Tire & Rubber	reports	Consumer Discretionary	Tires & Rubber	Akron, Ohio		42582	1898
223	GWW	Grainger (W.W.) Inc.	reports	Industrials	Industrial Machinery	Lake Forest, Illinois	1981-06-30	277135	
224	HAL	Halliburton Co.	reports	Energy	Oil & Gas Equipment & Services	Houston, Texas		45012	1919
225	HBI	Hanesbrands Inc	reports	Consumer Discretionary	Apparel, Accessories & Luxury Goods	Winston-Salem, North Carolina	2015-03-20	1359841	
226	HOG	Harley-Davidson	reports	Consumer Discretionary	Motorcycle Manufacturers	Milwaukee, Wisconsin		793952	1903
227	HRS	Harris Corporation	reports	Information Technology	Communications Equipment	Melbourne, Florida	2008-09-22	202058	
228	HIG	Hartford Financial Svc.Gp.	reports	Financials	Property & Casualty Insurance	Hartford, Connecticut		874766	
229	HAS	Hasbro Inc.	reports	Consumer Discretionary	Leisure Products	Pawtucket, Rhode Island	1984-09-30	46080	
230	HCA	HCA Holdings	reports	Health Care	Health Care Facilities	Nashville, Tennessee	2015-01-27	860730	
231	HCP	HCP Inc.	reports	Real Estate	Health Care REITs	Long Beach, California	2008-03-31	765880	
232	HP	Helmerich & Payne	reports	Energy	Oil & Gas Drilling	Tulsa, Oklahoma[7]	2010-03-01	46765	
233	HSIC	Henry Schein	reports	Health Care	Health Care Distributors	Melville, New York	2015-03-17	1000228	
234	HSY	The Hershey Company	reports	Consumer Staples	Packaged Foods & Meats	Hershey, Pennsylvania		47111	1894
235	HES	Hess Corporation	reports	Energy	Integrated Oil & Gas	New York, New York	1984-05-31	4447	
236	HPE	Hewlett Packard Enterprise	reports	Information Technology	Technology Hardware, Storage & Peripherals	Palo Alto, California	2015-11-02	1645590	
237	HLT	Hilton Worldwide Holdings Inc	reports	Consumer Discretionary	Hotels, Resorts & Cruise Lines	Tysons Corner, Virginia	2017-06-19	1585689	
238	HFC	HollyFrontier Corp	reports	Energy	Oil & Gas Refining & Marketing	Dallas, Texas	2018-06-18	48039	1947
239	HOLX	Hologic	reports	Health Care	Health Care Equipment	Marlborough, Massachusetts	2016-03-30	859737	
240	HD	Home Depot	reports	Consumer Discretionary	Home Improvement Retail	Atlanta, Georgia	1988-03-31	354950	
241	HON	Honeywell Int'l Inc.	reports	Industrials	Industrial Conglomerates	Morristown, New Jersey	1964-03-31	773840	1906
242	HRL	Hormel Foods Corp.	reports	Consumer Staples	Packaged Foods & Meats	Austin, Minnesota	2009-03-04	48465	
243	HST	Host Hotels & Resorts	reports	Real Estate	Hotel & Resort REITs	Bethesda, Maryland	2007-03-20	1070750	
244	HPQ	HP Inc.	reports	Information Technology	Technology Hardware, Storage & Peripherals	Palo Alto, California	1974-12-31	47217	1939 (2015)
245	HUM	Humana Inc.	reports	Health Care	Managed Health Care	Louisville, Kentucky		49071	1961
246	HBAN	Huntington Bancshares	reports	Financials	Regional Banks	Columbus, Ohio		49196	1866
247	HII	Huntington Ingalls Industries	reports	Industrials	Aerospace & Defense	Newport News, Virginia	2018-01-03	1501585	
248	IDXX	IDEXX Laboratories	reports	Health Care	Health Care Equipment	Westbrook, Maine	2017-01-05	874716	
249	INFO	IHS Markit Ltd.	reports	Industrials	Research & Consulting Services	London, United Kingdom	2017-06-02	1598014	
250	ITW	Illinois Tool Works	reports	Industrials	Industrial Machinery	Glenview, Illinois	1986-02-28	49826	
251	ILMN	Illumina Inc	reports	Health Care	Life Sciences Tools & Services	San Diego, California	2015-11-19	1110803	
252	IR	Ingersoll-Rand PLC	reports	Industrials	Industrial Machinery	Dublin, Ireland	2010-11-17	1466258	
253	INTC	Intel Corp.	reports	Information Technology	Semiconductors	Santa Clara, California	1976-12-31	50863	
254	ICE	Intercontinental Exchange	reports	Financials	Financial Exchanges & Data	Atlanta, Georgia	2007-09-26	1571949	
255	IBM	International Business Machines	reports	Information Technology	IT Consulting & Other Services	Armonk, New York		51143	1911
256	INCY	Incyte	reports	Health Care	Biotechnology	Wilmington, Delaware	2017-02-28	879169	
257	IP	International Paper	reports	Materials	Paper Packaging	Memphis, Tennessee		51434	1898
258	IPG	Interpublic Group	reports	Consumer Discretionary	Advertising	New York, New York	1992-10-01	51644	
259	IFF	Intl Flavors & Fragrances	reports	Materials	Specialty Chemicals	New York, New York	1976-03-31	51253	
260	INTU	Intuit Inc.	reports	Information Technology	Internet Software & Services	Mountain View, California	2000-12-05	896878	
261	ISRG	Intuitive Surgical Inc.	reports	Health Care	Health Care Equipment	Sunnyvale, California	2008-06-02	1035267	
262	IVZ	Invesco Ltd.	reports	Financials	Asset Management & Custody Banks	Atlanta, Georgia	2008-08-21	914208	
263	IPGP	IPG Photonics Corp.	reports	Information Technology	Electronic Manufacturing Services	Oxford, Massachusetts	2018-03-07	1111928	
264	IQV	IQVIA Holdings Inc.	reports	Health Care	Life Sciences Tools & Service	Durham, North Carolina	2017-08-29	1478242	
265	IRM	Iron Mountain Incorporated	reports	Real Estate	Specialized REITs	Boston, Massachusetts	2009-01-06	1020569	
266	JEC	Jacobs Engineering Group	reports	Industrials	Construction & Engineering	Pasadena, California	2007-10-26	52988	
267	JBHT	J. B. Hunt Transport Services	reports	Industrials	Trucking	Lowell, Arkansas	2015-07-01	728535	
268	JEF	Jefferies Financial Group	reports	Financials	Multi-Sector Holdings	New York, New York	2007-08-27	96223	
269	SJM	JM Smucker	reports	Consumer Staples	Packaged Foods & Meats	Orrville, Ohio	2008-11-06	91419	
270	JNJ	Johnson & Johnson	reports	Health Care	Health Care Equipment	New Brunswick, New Jersey	1973-06-30	200406	1886
271	JCI	Johnson Controls International	reports	Industrials	Building Products	Cork, Ireland	2010-08-27	833444	
272	JPM	JPMorgan Chase & Co.	reports	Financials	Diversified Banks	New York, New York	1975-06-30	19617	
273	JNPR	Juniper Networks	reports	Information Technology	Communications Equipment	Sunnyvale, California		1043604	1996
274	KSU	Kansas City Southern	reports	Industrials	Railroads	Kansas City, Missouri	2013-05-24	54480	
275	K	Kellogg Co.	reports	Consumer Staples	Packaged Foods & Meats	Battle Creek, Michigan		55067	1906
276	KEY	KeyCorp	reports	Financials	Regional Banks	Cleveland, Ohio	1994-03-01	91576	
277	KMB	Kimberly-Clark	reports	Consumer Staples	Household Products	Irving, Texas		55785	1872
278	KIM	Kimco Realty	reports	Real Estate	Retail REITs	New Hyde Park, New York	2006-04-04	879101	
279	KMI	Kinder Morgan	reports	Energy	Oil & Gas Storage & Transportation	Houston, Texas	2012-05-25	1506307	
280	KLAC	KLA-Tencor Corp.	reports	Information Technology	Semiconductor Equipment	Milpitas, California		319201	1975/1977 (1997)
281	KSS	Kohl's Corp.	reports	Consumer Discretionary	General Merchandise Stores	Menomonee Falls, Wisconsin		885639	1962
282	KHC	Kraft Heinz Co	reports	Consumer Staples	Packaged Foods & Meats	Pittsburgh, Pennsylvania	2015-07-06	1637459	
283	KR	Kroger Co.	reports	Consumer Staples	Food Retail	Cincinnati, Ohio		56873	1883
284	LB	L Brands Inc.	reports	Consumer Discretionary	Apparel Retail	Columbus, Ohio	1983-09-30	701985	
285	LLL	L-3 Communications Holdings	reports	Industrials	Aerospace & Defense	New York, New York		1056239	1997
286	LH	Laboratory Corp. of America Holding	reports	Health Care	Health Care Services	Burlington, North Carolina	2004-11-01	920148	
287	LRCX	Lam Research	reports	Information Technology	Semiconductor Equipment	Fremont, California	2012-06-29	707549	
288	LEG	Leggett & Platt	reports	Consumer Discretionary	Home Furnishings	Carthage, Missouri		58492	1883
289	LEN	Lennar Corp.	reports	Consumer Discretionary	Homebuilding	Miami, Florida	2005-10-04	920760	
290	LLY	Lilly (Eli) & Co.	reports	Health Care	Pharmaceuticals	Indianapolis, Indiana	1970-12-31	59478	1876
291	LNC	Lincoln National	reports	Financials	Multi-line Insurance	Radnor, Pennsylvania	1976-06-30	59558	
292	LKQ	LKQ Corporation	reports	Consumer Discretionary	Distributors	Chicago, Illinois	2016-05-23	1065696	
293	LMT	Lockheed Martin Corp.	reports	Industrials	Aerospace & Defense	Bethesda, Maryland	1984-07-31	936468	
294	L	Loews Corp.	reports	Financials	Multi-line Insurance	New York, New York		60086	
295	LOW	Lowe's Cos.	reports	Consumer Discretionary	Home Improvement Retail	Mooresville, North Carolina	1984-02-29	60667	1904/1946/1959
296	LYB	LyondellBasell	reports	Materials	Specialty Chemicals	Rotterdam, Netherlands	2012-09-05	1489393	
297	MTB	M&T Bank Corp.	reports	Financials	Regional Banks	Buffalo, New York		36270	1856
298	MAC	Macerich	reports	Real Estate	Retail REITs	Santa Monica, California	2013-05-09	912242	
299	M	Macy's Inc.	reports	Consumer Discretionary	Department Stores	Cincinnati, Ohio		794367	1929
300	MRO	Marathon Oil Corp.	reports	Energy	Oil & Gas Exploration & Production	Houston, Texas	1991-05-01	101778	
301	MPC	Marathon Petroleum	reports	Energy	Oil & Gas Refining & Marketing	Findlay, Ohio	2011-07-01	1510295	
302	MAR	Marriott Int'l.	reports	Consumer Discretionary	Hotels, Resorts & Cruise Lines	Bethesda, Maryland		1048286	1927
303	MMC	Marsh & McLennan	reports	Financials	Insurance Brokers	New York, New York	1987-08-31	62709	
304	MLM	Martin Marietta Materials	reports	Materials	Construction Materials	Raleigh, North Carolina	2014-07-02	916076	
305	MAS	Masco Corp.	reports	Industrials	Building Products	Taylor, Michigan	1981-06-30	62996	
306	MA	Mastercard Inc.	reports	Information Technology	Internet Software & Services	Harrison, New York	2008-07-18	1141391	
307	MAT	Mattel Inc.	reports	Consumer Discretionary	Leisure Products	El Segundo, California	1982-03-31	63276	
308	MKC	McCormick & Co.	reports	Consumer Staples	Packaged Foods & Meats	Sparks, Maryland		63754	1889
309	MCD	McDonald's Corp.	reports	Consumer Discretionary	Restaurants	Chicago, Illinois	1970-06-30	63908	1940
310	MCK	McKesson Corp.	reports	Health Care	Health Care Distributors	San Francisco, California		927653	1833
311	MDT	Medtronic plc	reports	Health Care	Health Care Equipment	Dublin, Ireland	1986-10-31	64670	
312	MRK	Merck & Co.	reports	Health Care	Pharmaceuticals	Whitehouse Station, New Jersey		310158	1891
313	MET	MetLife Inc.	reports	Financials	Life & Health Insurance	New York, New York		1099219	1868
314	MTD	Mettler Toledo	reports	Health Care	Life Sciences Tools & Services	Columbus, Ohio	2016-09-06	1037646	
315	MGM	MGM Resorts International	reports	Consumer Discretionary	Casinos & Gaming	Paradise, Nevada	2017-07-26	789570	
316	KORS	Michael Kors Holdings	reports	Consumer Discretionary	Apparel, Accessories & Luxury Goods	New York, New York	2013-11-13	1530721	
317	MCHP	Microchip Technology	reports	Information Technology	Semiconductors	Chandler, Arizona	2007-09-07	827054	
318	MU	Micron Technology	reports	Information Technology	Semiconductors	Boise, Idaho	1994-09-27	723125	
319	MSFT	Microsoft Corp.	reports	Information Technology	Systems Software	Redmond, Washington	1994-06-01	789019	
320	MAA	Mid-America Apartments	reports	Real Estate	Residential REITs	Memphis, Tennessee	2016-12-02	912595	
321	MHK	Mohawk Industries	reports	Consumer Discretionary	Home Furnishings	Amsterdam, New York	2013-12-23	851968	
322	TAP	Molson Coors Brewing Company	reports	Consumer Staples	Brewers	Denver, Colorado	1976-06-30	24545	
323	MDLZ	Mondelez International	reports	Consumer Staples	Packaged Foods & Meats	Northfield, Illinois	2012-10-02	1103982	
324	MNST	Monster Beverage	reports	Consumer Staples	Soft Drinks	Corona, California	2012-06-28	865752	
325	MCO	Moody's Corp	reports	Financials	Financial Exchanges & Data	New York, New York		1059556	1909
326	MS	Morgan Stanley	reports	Financials	Investment Banking & Brokerage	New York, New York		895421	1935
327	MOS	The Mosaic Company	reports	Materials	Fertilizers & Agricultural Chemicals	Plymouth, Minnesota	2011-09-26	1285785	
328	MSI	Motorola Solutions Inc.	reports	Information Technology	Communications Equipment	Schaumburg, Illinois		68505	1928 (2011)
329	MSCI	MSCI Inc	reports	Financials	Financial Exchanges & Data	New York, New York	2018-04-04	1408198	
330	MYL	Mylan N.V.	reports	Health Care	Pharmaceuticals	Amsterdam, Netherlands	2004-04-23	69499	
331	NDAQ	Nasdaq, Inc.	reports	Financials	Financial Exchanges & Data	New York, New York	2008-10-22	1120193	
332	NOV	National Oilwell Varco Inc.	reports	Energy	Oil & Gas Equipment & Services	Houston, Texas	2005-03-14	1021860	
333	NKTR	Nektar Therapeutics	reports	Health Care	Pharmaceuticals	San Francisco, California	2018-03-19	906709	
334	NTAP	NetApp	reports	Information Technology	Internet Software & Services	Sunnyvale, California	1999-06-25	1002047	
335	NFLX	Netflix Inc.	reports	Information Technology	Internet Software & Services	Los Gatos, California	2010-12-20	1065280	
336	NWL	Newell Brands	reports	Consumer Discretionary	Housewares & Specialties	Sandy Springs, Georgia	1989-04-30	814453	
337	NFX	Newfield Exploration Co	reports	Energy	Oil & Gas Exploration & Production	Houston, Texas	2010-12-20	912750	
338	NEM	Newmont Mining Corporation	reports	Materials	Gold	Denver, Colorado	1969-06-30	1164727	1921
339	NWSA	News Corp. Class A	reports	Consumer Discretionary	Publishing	New York, New York	2013-08-01	1564708	
340	NWS	News Corp. Class B	reports	Consumer Discretionary	Publishing	New York, New York	2015-09-18	1564708	
341	NEE	NextEra Energy	reports	Utilities	Multi-Utilities	Juno Beach, Florida	1976-06-30	753308	
342	NLSN	Nielsen Holdings	reports	Industrials	Research & Consulting Services	New York, New York	2013-07-09	1492633	
343	NKE	Nike	reports	Consumer Discretionary	Apparel, Accessories & Luxury Goods	Washington County, Oregon	1988-11-30	320187	
344	NI	NiSource Inc.	reports	Utilities	Multi-Utilities	Merrillville, Indiana		1111711	1912
345	NBL	Noble Energy Inc	reports	Energy	Oil & Gas Exploration & Production	Houston, Texas	2007-10-08	72207	
346	JWN	Nordstrom	reports	Consumer Discretionary	Department Stores	Seattle, Washington	1986-08-31	72333	
347	NSC	Norfolk Southern Corp.	reports	Industrials	Railroads	Norfolk, Virginia		702165	1881/1894 (1980)
348	NTRS	Northern Trust Corp.	reports	Financials	Asset Management & Custody Banks	Chicago, Illinois		73124	1889
349	NOC	Northrop Grumman Corp.	reports	Industrials	Aerospace & Defense	West Falls Church, Virginia	1985-06-30	1133421	
350	NCLH	Norwegian Cruise Line	reports	Consumer Discretionary	Hotels, Resorts & Cruise Lines	Miami, Florida	2017-10-13	1513761	
351	NRG	NRG Energy	reports	Utilities	Independent Power Producers & Energy Traders	Princeton, New Jersey	2010-01-29	1013871	
352	NUE	Nucor Corp.	reports	Materials	Steel	Charlotte, North Carolina	1985-04-30	73309	
353	NVDA	Nvidia Corporation	reports	Information Technology	Semiconductors	Santa Clara, California	2001-11-30	1045810	
354	ORLY	O'Reilly Automotive	reports	Consumer Discretionary	Specialty Stores	Springfield, Missouri	2009-03-27	898173	
355	OXY	Occidental Petroleum	reports	Energy	Oil & Gas Exploration & Production	Los Angeles, California	1982-12-31	797468	
356	OMC	Omnicom Group	reports	Consumer Discretionary	Advertising	New York, New York		29989	1986
357	OKE	ONEOK	reports	Energy	Oil & Gas Storage & Transportation	Tulsa, Oklahoma	2010-03-15	1039684	
358	ORCL	Oracle Corp.	reports	Information Technology	Application Software	Redwood Shores, California	1989-08-31	1341439	
359	PCAR	PACCAR Inc.	reports	Industrials	Construction Machinery & Heavy Trucks	Bellevue, Washington	1980-12-31	75362	
360	PKG	Packaging Corporation of America	reports	Materials	Paper Packaging	Lake Forest, Illinois	2017-07-26	75677	
361	PH	Parker-Hannifin	reports	Industrials	Industrial Machinery	Cleveland, Ohio	1985-11-30	76334	
362	PAYX	Paychex Inc.	reports	Information Technology	Internet Software & Services	Penfield, New York		723531	1971
363	PYPL	PayPal	reports	Information Technology	Data Processing & Outsourced Services	San Jose, California	2015-07-20	1633917	
364	PNR	Pentair plc	reports	Industrials	Industrial Machinery	Worsley, UK	2012-10-01	77360	
365	PBCT	People's United Financial	reports	Financials	Thrifts & Mortgage Finance	Bridgeport, Connecticut	2008-11-13	1378946	
366	PEP	PepsiCo Inc.	reports	Consumer Staples	Soft Drinks	Purchase, New York		77476	1898
367	PKI	PerkinElmer	reports	Health Care	Health Care Equipment	Waltham, Massachusetts	1985-05-31	31791	
368	PRGO	Perrigo	reports	Health Care	Pharmaceuticals	Dublin, Ireland	2011-12-19	1585364	
369	PFE	Pfizer Inc.	reports	Health Care	Pharmaceuticals	New York, New York		78003	1849
370	PCG	PG&E Corp.	reports	Utilities	Multi-Utilities	San Francisco, California		1004980	1905
371	PM	Philip Morris International	reports	Consumer Staples	Tobacco	New York, New York	2008-03-31	1413329	
372	PSX	Phillips 66	reports	Energy	Oil & Gas Refining & Marketing	Houston, Texas	2012-05-01	1534701	
373	PNW	Pinnacle West Capital	reports	Utilities	Multi-Utilities	Phoenix, Arizona		764622	1985
374	PXD	Pioneer Natural Resources	reports	Energy	Oil & Gas Exploration & Production	Irving, Texas	2008-09-24	1038357	
375	PNC	PNC Financial Services	reports	Financials	Regional Banks	Pittsburgh, Pennsylvania	1988-04-30	713676	
376	RL	Polo Ralph Lauren Corp.	reports	Consumer Discretionary	Apparel, Accessories & Luxury Goods	New York, New York	2007-02-02	1037038	
377	PPG	PPG Industries	reports	Materials	Specialty Chemicals	Pittsburgh, Pennsylvania		79879	1883
378	PPL	PPL Corp.	reports	Utilities	Electric Utilities	Allentown, Pennsylvania		922224	
379	PX	Praxair Inc.	reports	Materials	Industrial Gases	Danbury, Connecticut	1992-07-01	884905	
380	PFG	Principal Financial Group	reports	Financials	Life & Health Insurance	Des Moines, Iowa	2002-07-22	1126328	
381	PG	Procter & Gamble	reports	Consumer Staples	Personal Products	Cincinnati, Ohio		80424	1837
382	PGR	Progressive Corp.	reports	Financials	Property & Casualty Insurance	Mayfield Village, Ohio	1997-08-04	80661	
383	PLD	Prologis	reports	Real Estate	Industrial REITs	San Francisco, California	2003-07-17	1045609	
384	PRU	Prudential Financial	reports	Financials	Life & Health Insurance	Newark, New Jersey	2002-07-22	1137774	
385	PEG	Public Serv. Enterprise Inc.	reports	Utilities	Electric Utilities	Newark, New Jersey		788784	
386	PSA	Public Storage	reports	Real Estate	Specialized REITs	Glendale, California	2005-08-19	1393311	
387	PHM	Pulte Homes Inc.	reports	Consumer Discretionary	Homebuilding	Atlanta, Georgia	1984-04-30	822416	
388	PVH	PVH Corp.	reports	Consumer Discretionary	Apparel, Accessories & Luxury Goods	New York, New York	2013-02-15	78239	
389	QRVO	Qorvo	reports	Information Technology	Semiconductors	Greensboro, North Carolina	2015-06-11	1604778	
390	PWR	Quanta Services Inc.	reports	Industrials	Construction & Engineering	Houston, Texas	2009-07-01	1050915	
391	QCOM	QUALCOMM Inc.	reports	Information Technology	Semiconductors	San Diego, California		804328	1985
392	DGX	Quest Diagnostics	reports	Health Care	Health Care Services	Madison, New Jersey	2002-12-12	1022079	
393	RJF	Raymond James Financial Inc.	reports	Financials	Investment Banking & Brokerage	St. Petersburg, Florida	2017-03-20	720005	
394	RTN	Raytheon Co.	reports	Industrials	Aerospace & Defense	Waltham, Massachusetts		1047122	1922
395	O	Realty Income Corporation	reports	Real Estate	Retail REITs	San Diego, California	2015-04-07	726728	
396	RHT	Red Hat Inc.	reports	Information Technology	Systems Software	Raleigh, North Carolina	2009-07-27	1087423	
397	REG	Regency Centers Corporation	reports	Real Estate	Retail REITs	Jacksonville, Florida	2017-03-02	910606	
398	REGN	Regeneron	reports	Health Care	Biotechnology	Tarrytown, New York	2013-05-01	872589	
399	RF	Regions Financial Corp.	reports	Financials	Regional Banks	Birmingham, Alabama	1998-08-28	1281761	
400	RSG	Republic Services Inc	reports	Industrials	Environmental & Facilities Services	Phoenix, Arizona	2008-12-05	1060391	
401	RMD	ResMed	reports	Health Care	Health Care Equipment	San Diego, California	2017-07-26	943819	
402	RHI	Robert Half International	reports	Industrials	Human Resource & Employment Services	Menlo Park, California	2000-12-05	315213	
403	ROK	Rockwell Automation Inc.	reports	Industrials	Electrical Components & Equipment	Milwaukee, Wisconsin		1024478	
404	COL	Rockwell Collins	reports	Industrials	Aerospace & Defense	Cedar Rapids, Iowa	2001-07-02	1137411	
405	ROP	Roper Technologies	reports	Industrials	Industrial Conglomerates	Sarasota, Florida	2009-12-23	882835	
406	ROST	Ross Stores	reports	Consumer Discretionary	Apparel Retail	Pleasanton, California	2009-12-21	745732	
407	RCL	Royal Caribbean Cruises Ltd	reports	Consumer Discretionary	Hotels, Resorts & Cruise Lines	Miami, Florida	2014-12-05	884887	
408	CRM	Salesforce.com	reports	Information Technology	Internet Software & Services	San Francisco, California	2008-09-15	1108524	
409	SBAC	SBA Communications	reports	Real Estate	Specialized REITs	Boca Raton, Florida	2017-09-01	1034054	
410	SCG	SCANA Corp	reports	Utilities	Multi-Utilities	Cayce, South Carolina	2009-01-02	754737	
411	SLB	Schlumberger Ltd.	reports	Energy	Oil & Gas Equipment & Services	Cura√ßao, Kingdom of the Netherlands	1965-03-31	87347	1926
412	STX	Seagate Technology	reports	Information Technology	Technology Hardware, Storage & Peripherals	Dublin, Ireland	2012-07-02	1137789	
413	SEE	Sealed Air	reports	Materials	Paper Packaging	Elmwood Park, New Jersey		1012100	
414	SRE	Sempra Energy	reports	Utilities	Multi-Utilities	San Diego, California		1032208	
415	SHW	Sherwin-Williams	reports	Materials	Specialty Chemicals	Cleveland, Ohio	1964-06-30	89800	1866
416	SPG	Simon Property Group Inc	reports	Real Estate	Retail REITs	Indianapolis, Indiana	2002-06-26	1063761	
417	SWKS	Skyworks Solutions	reports	Information Technology	Semiconductors	Woburn, Massachusetts	2015-03-12	4127	
418	SLG	SL Green Realty	reports	Real Estate	Office REITs	New York, New York	2015-03-20	1040971	
419	SNA	Snap-On Inc.	reports	Consumer Discretionary	Household Appliances	Kenosha, Wisconsin	1982-09-30	91440	
420	SO	Southern Co.	reports	Utilities	Electric Utilities	Atlanta, Georgia		92122	
421	LUV	Southwest Airlines	reports	Industrials	Airlines	Dallas, Texas	1994-07-01	92380	
422	SPGI	S&P Global, Inc.	reports	Financials	Financial Exchanges & Data	New York, New York		64040	
423	SWK	Stanley Black & Decker	reports	Consumer Discretionary	Household Appliances	New Britain, Connecticut	1982-09-30	93556	
424	SBUX	Starbucks Corp.	reports	Consumer Discretionary	Restaurants	Seattle, Washington		829224	1971
425	STT	State Street Corp.	reports	Financials	Asset Management & Custody Banks	Boston, Massachusetts		93751	
426	SRCL	Stericycle Inc	reports	Industrials	Environmental & Facilities Services	Lake Forest, Illinois	2008-11-19	861878	
427	SYK	Stryker Corp.	reports	Health Care	Health Care Equipment	Kalamazoo, Michigan	2000-12-12	310764	
428	STI	SunTrust Banks	reports	Financials	Regional Banks	Atlanta, Georgia	1988-05-31	750556	
429	SIVB	SVB Financial	reports	Financials	Regional Banks	Santa Clara, California	2018-03-19	719739	
430	SYMC	Symantec Corp.	reports	Information Technology	Application Software	Mountain View, California	2003-03-25	849399	
431	SYF	Synchrony Financial	reports	Financials	Consumer Finance	Stamford, Connecticut	2015-11-18	1601712	
432	SNPS	Synopsys Inc.	reports	Information Technology	Application Software	Mountain View, California	2017-03-16	883241	
433	SYY	Sysco Corp.	reports	Consumer Staples	Food Distributors	Houston, Texas	1986-12-31	96021	
434	TROW	T. Rowe Price Group	reports	Financials	Asset Management & Custody Banks	Baltimore, Maryland		1113169	1937
435	TTWO	Take-Two Interactive	reports	Information Technology	Home Entertainment Software	New York, NY	2018-03-19	946581	
436	TPR	Tapestry, Inc.	reports	Consumer Discretionary	Apparel, Accessories & Luxury Goods	New York, New York		1116132	2017
437	TGT	Target Corp.	reports	Consumer Discretionary	General Merchandise Stores	Minneapolis, Minnesota	1976-12-31	27419	
438	TEL	TE Connectivity Ltd.	reports	Information Technology	Electronic Manufacturing Services	Schaffhausen, Switzerland	2011-10-17	1385157	
439	FTI	TechnipFMC	reports	Energy	Oil & Gas Equipment & Services	London, United Kingdom	2009-06-05	1681459	
440	TXN	Texas Instruments	reports	Information Technology	Semiconductors	Dallas, Texas		97476	1930
441	TXT	Textron Inc.	reports	Industrials	Aerospace & Defense	Providence, Rhode Island	1978-12-31	217346	
442	TMO	Thermo Fisher Scientific	reports	Health Care	Health Care Equipment	Waltham, Massachusetts		97745	2006
443	TIF	Tiffany & Co.	reports	Consumer Discretionary	Apparel, Accessories & Luxury Goods	New York, New York	2000-06-21	98246	
444	TWTR	Twitter, Inc.	reports	Information Technology	Internet Software & Services	San Francisco, California	2018-06-07	1418091	2006
445	TJX	TJX Companies Inc.	reports	Consumer Discretionary	Apparel Retail	Framingham, Massachusetts	1985-09-30	109198	
446	TMK	Torchmark Corp.	reports	Financials	Life & Health Insurance	McKinney, Texas	1989-04-30	320335	
447	TSS	Total System Services	reports	Information Technology	Internet Software & Services	Columbus, Georgia	2008-01-02	721683	
448	TSCO	Tractor Supply Company	reports	Consumer Discretionary	Specialty Stores	Brentwood, Tennessee	2014-01-24	916365	
449	TDG	TransDigm Group	reports	Industrials	Aerospace & Defense	Cleveland, Ohio	2016-06-03	1260221	
450	TRV	The Travelers Companies Inc.	reports	Financials	Property & Casualty Insurance	New York, New York	2002-08-21	86312	
451	TRIP	TripAdvisor	reports	Consumer Discretionary	Internet & Direct Marketing Retail	Newton, Massachusetts	2011-12-21	1526520	
452	FOXA	Twenty-First Century Fox Class A	reports	Consumer Discretionary	Publishing	New York, New York	2013-07-01	1308161	
453	FOX	Twenty-First Century Fox Class B	reports	Consumer Discretionary	Publishing	New York, New York	2015-09-18	1308161	
454	TSN	Tyson Foods	reports	Consumer Staples	Packaged Foods & Meats	Springdale, Arkansas		100493	
455	UDR	UDR Inc	reports	Real Estate	Residential REITs	Highlands Ranch, Colorado	2016-03-07	74208	
456	ULTA	Ulta Beauty	reports	Consumer Discretionary	Specialty Stores	Bolingbrook, Illinois	2016-04-18	1403568	
457	USB	U.S. Bancorp	reports	Financials	Diversified Banks	Minneapolis, Minnesota		36104	1968
458	UAA	Under Armour Class A	reports	Consumer Discretionary	Apparel, Accessories & Luxury Goods	Baltimore, Maryland	2016-03-25	1336917	
459	UA	Under Armour Class C	reports	Consumer Discretionary	Apparel, Accessories & Luxury Goods	Baltimore, Maryland	2014-05-01	1336917	
460	UNP	Union Pacific	reports	Industrials	Railroads	Omaha, Nebraska		100885	
461	UAL	United Continental Holdings	reports	Industrials	Airlines	Chicago, Illinois	2015-09-03	100517	
462	UNH	United Health Group Inc.	reports	Health Care	Managed Health Care	Minnetonka, Minnesota	1994-07-01	731766	
463	UPS	United Parcel Service	reports	Industrials	Air Freight & Logistics	Atlanta, Georgia	2002-07-22	1090727	
464	URI	United Rentals, Inc.	reports	Industrials	Trading Companies & Distributors	Stamford, Connecticut	2014-09-20	1067701	
465	UTX	United Technologies	reports	Industrials	Aerospace & Defense	Hartford, Connecticut		101829	
466	UHS	Universal Health Services, Inc.	reports	Health Care	Health Care Facilities	King of Prussia, Pennsylvania	2014-09-20	352915	
467	UNM	Unum Group	reports	Financials	Life & Health Insurance	Chattanooga, Tennessee	1994-03-01	5513	
468	VFC	V.F. Corp.	reports	Consumer Discretionary	Apparel, Accessories & Luxury Goods	Greensboro, North Carolina	1979-06-30	103379	
469	VLO	Valero Energy	reports	Energy	Oil & Gas Refining & Marketing	San Antonio, Texas		1035002	1980
470	VAR	Varian Medical Systems	reports	Health Care	Health Care Equipment	Palo Alto, California	2007-02-12	203527	
471	VTR	Ventas Inc	reports	Real Estate	Health Care REITs	Chicago, Illinois	2009-03-04	740260	
472	VRSN	Verisign Inc.	reports	Information Technology	Internet Software & Services	Dulles, Virginia	2006-02-01	1014473	
473	VRSK	Verisk Analytics	reports	Industrials	Research & Consulting Services	Jersey City, New Jersey	2015-10-08	1442145	
474	VZ	Verizon Communications	reports	Telecommunication Services	Integrated Telecommunication Services	New York, New York	1983-11-30	732712	
475	VRTX	Vertex Pharmaceuticals Inc	reports	Health Care	Biotechnology	Cambridge, Massachusetts	2013-09-23	875320	
476	VIAB	Viacom Inc.	reports	Consumer Discretionary	Cable & Satellite	New York, New York		1339947	
477	V	Visa Inc.	reports	Information Technology	Internet Software & Services	San Francisco, California	2009-12-21	1403161	
478	VNO	Vornado Realty Trust	reports	Real Estate	Office REITs	New York, New York		899689	
479	VMC	Vulcan Materials	reports	Materials	Construction Materials	Birmingham, Alabama	1999-06-30	1396009	
480	WMT	Wal-Mart Stores	reports	Consumer Staples	Hypermarkets & Super Centers	Bentonville, Arkansas	1982-08-31	104169	
481	WBA	Walgreens Boots Alliance	reports	Consumer Staples	Drug Retail	Deerfield, Illinois	1979-12-31	1618921	
482	DIS	The Walt Disney Company	reports	Consumer Discretionary	Cable & Satellite	Burbank, California	1976-06-30	1001039	
483	WM	Waste Management Inc.	reports	Industrials	Environmental & Facilities Services	Houston, Texas		823768	1968
484	WAT	Waters Corporation	reports	Health Care	Health Care Distributors	Milford, Massachusetts		1000697	1958
485	WEC	Wec Energy Group Inc	reports	Utilities	Electric Utilities	Milwaukee, Wisconsin	2008-10-31	783325	
486	WFC	Wells Fargo	reports	Financials	Diversified Banks	San Francisco, California	1976-06-30	72971	
487	WELL	Welltower Inc.	reports	Real Estate	Health Care REITs	Toledo, Ohio	2009-01-30	766704	
488	WDC	Western Digital	reports	Information Technology	Technology Hardware, Storage & Peripherals	Irvine, California	2009-07-01	106040	
489	WU	Western Union Co	reports	Information Technology	Internet Software & Services	Englewood, Colorado		1365135	1851
490	WRK	WestRock Company	reports	Materials	Paper Packaging	Richmond, Virginia		1636023	
491	WY	Weyerhaeuser Corp.	reports	Real Estate	Specialized REITs	Federal Way, Washington		106535	
492	WHR	Whirlpool Corp.	reports	Consumer Discretionary	Household Appliances	Benton Harbor, Michigan		106640	1911
493	WMB	Williams Cos.	reports	Energy	Oil & Gas Storage & Transportation	Tulsa, Oklahoma	1975-03-31	107263	
494	WLTW	Willis Towers Watson	reports	Financials	Insurance Brokers	London, United Kingdom	2016-01-05	1140536	
495	WYNN	Wynn Resorts Ltd	reports	Consumer Discretionary	Casinos & Gaming	Paradise, Nevada	2008-11-14	1174922	
496	XEL	Xcel Energy Inc	reports	Utilities	Multi-Utilities	Minneapolis, Minnesota		72903	1909
497	XRX	Xerox Corp.	reports	Information Technology	Technology Hardware, Storage & Peripherals	Norwalk, Connecticut		108772	1906
498	XLNX	Xilinx Inc	reports	Information Technology	Semiconductors	San Jose, California	1999-11-08	743988	
499	XL	XL Group	reports	Financials	Property & Casualty Insurance	Hamilton, Bermuda		875159	1998
500	XYL	Xylem Inc.	reports	Industrials	Industrial Machinery	White Plains, New York	2011-11-01	1524472	
501	YUM	Yum! Brands Inc	reports	Consumer Discretionary	Restaurants	Louisville, Kentucky	1997-10-06	1041061	
502	ZBH	Zimmer Biomet Holdings	reports	Health Care	Health Care Equipment	Warsaw, Indiana	2001-08-07	1136869	
503	ZION	Zions Bancorp	reports	Financials	Regional Banks	Salt Lake City, Utah	2001-06-22	109380	
504	ZTS	Zoetis	reports	Health Care	Pharmaceuticals	Florham Park, New Jersey	2013-06-21	1555280	
